Users,Time
100,0.019416571
200,0.066964626
300,0.109032393
400,0.15207243
500,0.197599888
600,0.243453979
700,0.304569244
800,0.352031469
900,0.403543711
1000,0.447955132
Average,0.229663944
