Users Logged in,Time
100,0.011544943
200,0.085011005
300,0.129011631
400,0.173104048
500,0.218966722
600,0.261007547
700,0.308130741
800,0.361020327
900,0.40866375
1000,0.455677986
